{
  "/b_Phase": {
    "min": 0,
    "max": 1,
    "value": 0.8644387125968933
  },
  "/r_Bias": {
    "min": 0,
    "max": 1,
    "value": 0.3372000455856323
  },
  "/g_Bias": {
    "min": 0,
    "max": 1,
    "value": 0.6745388507843018
  },
  "/g_Amp": {
    "min": 0,
    "max": 1,
    "value": 0.4764953553676605
  },
  "/b_Freq": {
    "min": 0,
    "max": 3,
    "value": 0.8629642724990845
  },
  "/g_Phase": {
    "min": 0,
    "max": 1,
    "value": 0.9060573577880859
  },
  "/g_Freq": {
    "min": 0,
    "max": 3,
    "value": 1.1129426956176758
  },
  "/b_Amp": {
    "min": 0,
    "max": 1,
    "value": 0.28911975026130676
  },
  "/r_Phase": {
    "min": 0,
    "max": 1,
    "value": 0.8002862930297852
  },
  "/r_Freq": {
    "min": 0,
    "max": 3,
    "value": 1.1542385816574097
  },
  "/r_Amp": {
    "min": 0,
    "max": 1,
    "value": 0.47336623072624207
  },
  "/b_Bias": {
    "min": 0,
    "max": 1,
    "value": 0.32143890857696533
  }
}