{
  "/b_Phase": {
    "min": 0,
    "max": 1,
    "value": 0.9268451929092407
  },
  "/r_Bias": {
    "min": 0,
    "max": 1,
    "value": 0.6849110126495361
  },
  "/g_Bias": {
    "min": 0,
    "max": 1,
    "value": 0.6166962385177612
  },
  "/g_Amp": {
    "min": 0,
    "max": 1,
    "value": 0.23420101404190063
  },
  "/b_Freq": {
    "min": 0,
    "max": 3,
    "value": 0.617964506149292
  },
  "/g_Phase": {
    "min": 0,
    "max": 1,
    "value": 0.8987658619880676
  },
  "/g_Freq": {
    "min": 0,
    "max": 3,
    "value": 1.893610954284668
  },
  "/b_Amp": {
    "min": 0,
    "max": 1,
    "value": 0.4998127520084381
  },
  "/r_Phase": {
    "min": 0,
    "max": 1,
    "value": 0.9978222250938416
  },
  "/r_Freq": {
    "min": 0,
    "max": 3,
    "value": 1.2226976156234741
  },
  "/r_Amp": {
    "min": 0,
    "max": 1,
    "value": 0.13813138008117676
  },
  "/b_Bias": {
    "min": 0,
    "max": 1,
    "value": 0.6999430656433105
  }
}