{
  "/b_Phase": {
    "min": 0,
    "max": 1,
    "value": 0.5699651837348938
  },
  "/r_Bias": {
    "min": 0,
    "max": 1,
    "value": 0.629223644733429
  },
  "/g_Bias": {
    "min": 0,
    "max": 1,
    "value": 0.32370445132255554
  },
  "/g_Amp": {
    "min": 0,
    "max": 1,
    "value": 0.1968473494052887
  },
  "/b_Freq": {
    "min": 0,
    "max": 3,
    "value": 0.5075311660766602
  },
  "/g_Phase": {
    "min": 0,
    "max": 1,
    "value": 0.1698242574930191
  },
  "/g_Freq": {
    "min": 0,
    "max": 3,
    "value": 0.7820919752120972
  },
  "/b_Amp": {
    "min": 0,
    "max": 1,
    "value": 0.2788920998573303
  },
  "/r_Phase": {
    "min": 0,
    "max": 1,
    "value": 0.30306005477905273
  },
  "/r_Freq": {
    "min": 0,
    "max": 3,
    "value": 1.372143268585205
  },
  "/r_Amp": {
    "min": 0,
    "max": 1,
    "value": 0.1191040575504303
  },
  "/b_Bias": {
    "min": 0,
    "max": 1,
    "value": 0.6691715121269226
  }
}