{
  "/b_Speed": {
    "min": -1,
    "max": 1,
    "value": 0.29801321029663086
  },
  "/g_Speed": {
    "min": -1,
    "max": 1,
    "value": -0.26490068435668945
  },
  "/r_Speed": {
    "min": -1,
    "max": 1,
    "value": 0.06622517108917236
  }
}